actual,proposed
0.02500000037252903,1.0
0.02500000037252903,1.0
0.02500000037252903,1.0
0.02500000037252903,1.0
0.02500000037252903,1.0
0.02500000037252903,1.0
0.02500000037252903,1.0
0.02500000037252903,1.0
0.02500000037252903,-1.0
0.02500000037252903,1.0
0.02500000037252903,1.0
0.02500000037252903,1.0
0.02500000037252903,1.0
0.02500000037252903,1.0
0.02500000037252903,1.0
0.02500000037252903,1.0
0.02500000037252903,1.0
0.02500000037252903,1.0
0.02500000037252903,1.0
0.02500000037252903,1.0
0.02500000037252903,1.0
0.02500000037252903,1.0
0.02500000037252903,1.0
0.02500000037252903,1.0
0.02500000037252903,1.0
0.02500000037252903,1.0
0.02500000037252903,1.0
0.02500000037252903,1.0
0.02500000037252903,1.0
0.02500000037252903,1.0
0.02500000037252903,1.0
0.02500000037252903,1.0
0.02500000037252903,1.0
0.02500000037252903,1.0
0.02500000037252903,1.0
0.02500000037252903,1.0
0.02500000037252903,1.0
0.02500000037252903,1.0
0.02500000037252903,1.0
0.02500000037252903,1.0
0.02500000037252903,1.0
0.02500000037252903,1.0
0.02500000037252903,1.0
0.02500000037252903,1.0
0.02500000037252903,1.0
0.02500000037252903,1.0
0.02500000037252903,1.0
0.02500000037252903,1.0
0.02500000037252903,1.0
0.02500000037252903,1.0
0.02500000037252903,1.0
0.02500000037252903,1.0
0.02500000037252903,1.0
0.02500000037252903,1.0
0.02500000037252903,1.0
0.02500000037252903,1.0
0.02500000037252903,1.0
0.02500000037252903,1.0
0.02500000037252903,1.0
0.02500000037252903,1.0
0.02500000037252903,1.0
0.02500000037252903,1.0
0.02500000037252903,1.0
0.02500000037252903,1.0
0.02500000037252903,1.0
0.02500000037252903,1.0
0.02500000037252903,1.0
0.02500000037252903,1.0
0.02500000037252903,1.0
0.02500000037252903,1.0
0.02500000037252903,1.0
0.02500000037252903,1.0
0.02500000037252903,1.0
0.02500000037252903,1.0
0.02500000037252903,1.0
0.02500000037252903,1.0
0.02500000037252903,1.0
0.02500000037252903,1.0
0.02500000037252903,1.0
0.02500000037252903,1.0
0.02500000037252903,1.0
0.02500000037252903,1.0
0.02500000037252903,1.0
0.02500000037252903,1.0
0.02500000037252903,1.0
0.02500000037252903,1.0
0.02500000037252903,1.0
0.02500000037252903,1.0
0.02500000037252903,1.0
0.02500000037252903,1.0
0.02500000037252903,1.0
0.02500000037252903,1.0
0.02500000037252903,1.0
0.02500000037252903,1.0
0.02500000037252903,1.0
0.02500000037252903,1.0
0.02500000037252903,1.0
0.02500000037252903,1.0
0.02500000037252903,1.0
0.02500000037252903,1.0
0.02500000037252903,1.0
0.02500000037252903,1.0
0.02500000037252903,1.0
0.02500000037252903,1.0
0.02500000037252903,1.0
0.02500000037252903,1.0
0.02500000037252903,1.0
0.02500000037252903,1.0
0.02500000037252903,1.0
0.02500000037252903,1.0
0.02500000037252903,1.0
0.02500000037252903,1.0
0.02500000037252903,1.0
0.02500000037252903,1.0
0.02500000037252903,1.0
0.02500000037252903,1.0
0.02500000037252903,1.0
0.02500000037252903,1.0
0.02500000037252903,1.0
0.02500000037252903,1.0
0.02500000037252903,1.0
0.02500000037252903,1.0
0.02500000037252903,1.0
0.02500000037252903,1.0
0.02500000037252903,1.0
0.02500000037252903,1.0
0.02500000037252903,1.0
0.02500000037252903,1.0
0.02500000037252903,1.0
0.02500000037252903,1.0
0.02500000037252903,1.0
0.02500000037252903,1.0
0.02500000037252903,1.0
0.02500000037252903,1.0
0.02500000037252903,1.0
0.02500000037252903,1.0
0.02500000037252903,1.0
0.02500000037252903,1.0
0.02500000037252903,1.0
0.02500000037252903,1.0
0.02500000037252903,1.0
0.02500000037252903,1.0
0.02500000037252903,1.0
0.02500000037252903,1.0
0.02500000037252903,1.0
0.02500000037252903,1.0
0.02500000037252903,1.0
0.02500000037252903,1.0
0.02500000037252903,1.0
0.02500000037252903,1.0
0.02500000037252903,1.0
0.02500000037252903,1.0
0.02500000037252903,1.0
0.02500000037252903,1.0
0.02500000037252903,1.0
0.02500000037252903,1.0
0.02500000037252903,1.0
0.02500000037252903,1.0
0.02500000037252903,1.0
0.02500000037252903,1.0
0.02500000037252903,1.0
0.02500000037252903,1.0
0.02500000037252903,1.0
0.02500000037252903,1.0
0.02500000037252903,1.0
0.02500000037252903,1.0
0.02500000037252903,1.0
0.02500000037252903,1.0
0.02500000037252903,1.0
0.02500000037252903,1.0
0.02500000037252903,1.0
0.02500000037252903,1.0
0.02500000037252903,1.0
0.02500000037252903,1.0
0.02500000037252903,1.0
0.02500000037252903,1.0
0.02500000037252903,1.0
0.02500000037252903,1.0
0.02500000037252903,1.0
0.02500000037252903,1.0
0.02500000037252903,1.0
0.02500000037252903,1.0
0.02500000037252903,1.0
0.02500000037252903,1.0
0.02500000037252903,1.0
0.02500000037252903,1.0
0.02500000037252903,1.0
0.02500000037252903,1.0
0.02500000037252903,1.0
0.02500000037252903,1.0
0.02500000037252903,1.0
0.02500000037252903,1.0
0.02500000037252903,1.0
0.02500000037252903,1.0
0.02500000037252903,1.0
0.02500000037252903,1.0
0.02500000037252903,1.0
0.02500000037252903,1.0
0.02500000037252903,1.0
0.02500000037252903,1.0
0.02500000037252903,1.0
0.02500000037252903,1.0
0.02500000037252903,1.0
0.02500000037252903,1.0
0.02500000037252903,1.0
0.02500000037252903,1.0
0.02500000037252903,1.0
0.02500000037252903,1.0
0.02500000037252903,1.0
0.02500000037252903,1.0
0.02500000037252903,1.0
0.02500000037252903,1.0
0.02500000037252903,1.0
0.02500000037252903,1.0
0.02500000037252903,1.0
0.02500000037252903,1.0
0.02500000037252903,1.0
0.02500000037252903,1.0
0.02500000037252903,1.0
0.02500000037252903,1.0
0.02500000037252903,1.0
0.02500000037252903,1.0
0.02500000037252903,1.0
0.02500000037252903,1.0
0.02500000037252903,1.0
0.02500000037252903,1.0
0.02500000037252903,1.0
0.02500000037252903,1.0
0.02500000037252903,1.0
0.02500000037252903,1.0
0.02500000037252903,1.0
0.02500000037252903,1.0
0.02500000037252903,1.0
0.02500000037252903,1.0
0.02500000037252903,1.0
0.02500000037252903,1.0
0.02500000037252903,1.0
0.02500000037252903,1.0
0.02500000037252903,1.0
0.02500000037252903,1.0
0.02500000037252903,1.0
0.02500000037252903,1.0
0.02500000037252903,1.0
0.02500000037252903,1.0
0.02500000037252903,1.0
0.02500000037252903,1.0
0.02500000037252903,1.0
0.02500000037252903,1.0
0.02500000037252903,1.0
0.02500000037252903,1.0
0.02500000037252903,1.0
0.02500000037252903,1.0
0.02500000037252903,1.0
0.02500000037252903,1.0
0.02500000037252903,1.0
0.02500000037252903,1.0
0.02500000037252903,1.0
0.02500000037252903,1.0
0.02500000037252903,1.0
0.02500000037252903,1.0
0.02500000037252903,1.0
0.02500000037252903,1.0
0.02500000037252903,1.0
0.02500000037252903,1.0
0.02500000037252903,1.0
0.02500000037252903,1.0
0.02500000037252903,1.0
0.02500000037252903,1.0
0.02500000037252903,1.0
0.02500000037252903,1.0
0.02500000037252903,1.0
0.02500000037252903,1.0
0.02500000037252903,1.0
0.02500000037252903,1.0
0.02500000037252903,1.0
0.02500000037252903,1.0
0.02500000037252903,1.0
0.02500000037252903,1.0
0.02500000037252903,1.0
0.02500000037252903,1.0
0.02500000037252903,1.0
0.02500000037252903,1.0
0.02500000037252903,1.0
0.02500000037252903,1.0
0.02500000037252903,1.0
0.02500000037252903,1.0
0.02500000037252903,1.0
0.02500000037252903,1.0
0.02500000037252903,1.0
0.02500000037252903,1.0
0.02500000037252903,1.0
0.02500000037252903,1.0
0.02500000037252903,1.0
0.02500000037252903,1.0
0.02500000037252903,1.0
0.02500000037252903,1.0
0.02500000037252903,1.0
0.02500000037252903,1.0
0.02500000037252903,1.0
0.02500000037252903,1.0
0.02500000037252903,1.0
0.02500000037252903,1.0
0.02500000037252903,1.0
0.02500000037252903,1.0
0.02500000037252903,1.0
0.02500000037252903,1.0
0.02500000037252903,1.0
0.02500000037252903,1.0
0.02500000037252903,1.0
0.02500000037252903,1.0
0.02500000037252903,1.0
0.02500000037252903,1.0
0.02500000037252903,1.0
0.02500000037252903,1.0
0.02500000037252903,1.0
0.02500000037252903,1.0
0.02500000037252903,1.0
0.02500000037252903,1.0
0.02500000037252903,1.0
0.02500000037252903,1.0
0.02500000037252903,1.0
0.02500000037252903,1.0
0.02500000037252903,1.0
0.02500000037252903,1.0
0.02500000037252903,1.0
0.02500000037252903,1.0
0.02500000037252903,1.0
0.02500000037252903,1.0
0.02500000037252903,1.0
0.02500000037252903,1.0
0.02500000037252903,1.0
0.02500000037252903,1.0
0.02500000037252903,1.0
0.02500000037252903,1.0
0.02500000037252903,1.0
0.02500000037252903,1.0
0.02500000037252903,1.0
0.02500000037252903,1.0
0.02500000037252903,1.0
0.02500000037252903,1.0
0.02500000037252903,1.0
0.02500000037252903,1.0
0.02500000037252903,1.0
0.02500000037252903,1.0
0.02500000037252903,1.0
0.02500000037252903,1.0
0.02500000037252903,1.0
0.02500000037252903,1.0
0.02500000037252903,1.0
0.02500000037252903,1.0
0.02500000037252903,1.0
0.02500000037252903,1.0
0.02500000037252903,1.0
0.02500000037252903,1.0
0.02500000037252903,1.0
0.02500000037252903,1.0
0.02500000037252903,1.0
0.02500000037252903,1.0
0.02500000037252903,1.0
0.02500000037252903,1.0
0.02500000037252903,1.0
0.02500000037252903,1.0
0.02500000037252903,1.0
0.02500000037252903,1.0
0.02500000037252903,1.0
0.02500000037252903,1.0
0.02500000037252903,1.0
0.02500000037252903,1.0
0.02500000037252903,1.0
0.02500000037252903,1.0
0.02500000037252903,1.0
0.02500000037252903,1.0
0.02500000037252903,1.0
0.02500000037252903,0.9742119908332825
0.02500000037252903,1.0
0.02500000037252903,1.0
0.02500000037252903,1.0
0.02500000037252903,1.0
0.02500000037252903,1.0
0.02500000037252903,1.0
0.02500000037252903,1.0
0.02500000037252903,1.0
0.02500000037252903,1.0
0.02500000037252903,1.0
0.02500000037252903,1.0
0.02500000037252903,1.0
0.02500000037252903,1.0
0.02500000037252903,1.0
0.02500000037252903,1.0
0.02500000037252903,1.0
0.02500000037252903,1.0
0.02500000037252903,0.989879846572876
0.02500000037252903,1.0
0.02500000037252903,0.8767509460449219
0.02500000037252903,1.0
0.02500000037252903,1.0
0.02500000037252903,1.0
0.02500000037252903,1.0
0.02500000037252903,0.9814203381538391
0.02500000037252903,1.0
0.02500000037252903,1.0
0.02500000037252903,1.0
0.02500000037252903,1.0
0.02500000037252903,1.0
0.02500000037252903,1.0
0.02500000037252903,1.0
0.02500000037252903,1.0
0.02500000037252903,1.0
0.02500000037252903,1.0
0.02500000037252903,1.0
0.02500000037252903,1.0
0.02500000037252903,1.0
0.02500000037252903,1.0
0.02500000037252903,1.0
0.02500000037252903,1.0
0.02500000037252903,1.0
0.02500000037252903,1.0
0.02500000037252903,0.9969997406005859
0.02500000037252903,0.9446856379508972
0.02500000037252903,0.9863540530204773
0.02500000037252903,1.0
0.02500000037252903,0.8464253544807434
0.02500000037252903,1.0
0.02500000037252903,1.0
0.02500000037252903,0.9167317748069763
0.02500000037252903,0.9628092646598816
0.02500000037252903,1.0
0.02500000037252903,1.0
0.02500000037252903,1.0
0.02500000037252903,0.9577099084854126
0.02500000037252903,0.9555671215057373
0.02500000037252903,0.9961228966712952
0.02500000037252903,0.9999211430549622
0.02500000037252903,0.8985888361930847
0.02500000037252903,0.9946239590644836
0.02500000037252903,0.9945487976074219
0.02500000037252903,0.8881250619888306
0.02500000037252903,0.9881475567817688
0.02500000037252903,0.8867814540863037
0.02500000037252903,0.9828220009803772
0.02500000037252903,0.9817633628845215
0.02500000037252903,1.0
0.02500000037252903,0.9803624749183655
0.02500000037252903,0.9789773225784302
0.02500000037252903,0.9777122735977173
0.02500000037252903,0.9764366745948792
0.02500000037252903,0.8749585151672363
0.02500000037252903,1.0
0.02500000037252903,0.9711793065071106
0.02500000037252903,0.9699574708938599
0.02500000037252903,0.9686264991760254
0.02500000037252903,0.9683550596237183
0.02500000037252903,0.9653564095497131
0.02500000037252903,0.9643873572349548
0.02500000037252903,0.9134340286254883
0.02500000037252903,0.9608559608459473
0.02500000037252903,0.9094336032867432
0.02500000037252903,0.90729820728302
0.02500000037252903,0.9541877508163452
0.02500000037252903,1.0
0.02500000037252903,0.9030223488807678
0.02500000037252903,0.9503969550132751
0.02500000037252903,0.9991047978401184
0.02500000037252903,0.9991451501846313
0.02500000037252903,0.8982040882110596
0.02500000037252903,0.8967129588127136
0.02500000037252903,0.9441182017326355
0.02500000037252903,0.9424428343772888
0.02500000037252903,0.941344678401947
0.02500000037252903,0.9900527596473694
0.02500000037252903,0.8903433084487915
0.02500000037252903,0.9372769594192505
0.02500000037252903,0.8863365650177002
0.02500000037252903,0.8835426568984985
0.02500000037252903,0.9309751987457275
0.02500000037252903,0.838495671749115
0.02500000037252903,0.8154510259628296
0.02500000037252903,0.8219970464706421
0.02500000037252903,0.9651170969009399
0.02500000037252903,0.8652430772781372
0.02500000037252903,0.9124515652656555
0.02500000037252903,0.9612310528755188
0.02500000037252903,0.8614131212234497
0.02500000037252903,0.8585901856422424
0.02500000037252903,0.9060372114181519
0.02500000037252903,0.9048826098442078
0.02500000037252903,0.9534240961074829
0.02500000037252903,0.9534648060798645
0.02500000037252903,0.853508472442627
0.02500000037252903,0.9497304558753967
0.02500000037252903,0.9497687220573425
0.02500000037252903,0.4992583692073822
0.02500000037252903,0.9378448128700256
0.02500000037252903,0.8378413915634155
0.02500000037252903,0.9352535009384155
0.02500000037252903,0.8853101134300232
0.02500000037252903,0.8840189576148987
0.02500000037252903,0.8827475309371948
0.02500000037252903,0.9314038157463074
0.02500000037252903,0.8814451098442078
0.02500000037252903,0.8815351128578186
0.02500000037252903,0.9288505911827087
0.02500000037252903,0.8289235234260559
0.02500000037252903,0.7764793038368225
0.02500000037252903,0.8222866654396057
0.02500000037252903,0.7218870520591736
0.02500000037252903,0.813599705696106
0.02500000037252903,0.8619170188903809
0.02500000037252903,0.8090791702270508
0.02500000037252903,0.7564936280250549
0.02500000037252903,0.7526214122772217
0.02500000037252903,0.8486394286155701
0.02500000037252903,0.7474306225776672
0.02500000037252903,0.7932401299476624
0.02500000037252903,0.84112548828125
0.02500000037252903,0.788623571395874
0.02500000037252903,0.7367634177207947
0.02500000037252903,0.7831676602363586
0.02500000037252903,0.7798989415168762
0.02500000037252903,0.7277604937553406
0.02500000037252903,0.7734299898147583
0.02500000037252903,0.7711484432220459
0.02500000037252903,0.7181680202484131
0.02500000037252903,0.8144776225090027
0.02500000037252903,0.9127495884895325
0.02500000037252903,0.7671720385551453
0.02500000037252903,0.7580006122589111
0.02500000037252903,0.8091800808906555
0.02500000037252903,0.8078445792198181
0.02500000037252903,0.9065164923667908
0.02500000037252903,0.8092787265777588
0.02500000037252903,0.6586304903030396
0.02500000037252903,0.8025980591773987
0.02500000037252903,0.8016046285629272
0.02500000037252903,0.6993982791900635
0.02500000037252903,0.6462807059288025
0.02500000037252903,0.740822970867157
0.02500000037252903,0.7387117147445679
0.02500000037252903,0.6851891279220581
0.02500000037252903,0.7819024324417114
0.02500000037252903,0.7799345850944519
0.02500000037252903,0.6793354749679565
0.02500000037252903,0.7248364686965942
0.02500000037252903,0.8223904967308044
0.02500000037252903,0.6725695729255676
0.02500000037252903,0.718478798866272
0.02500000037252903,0.7658426761627197
0.02500000037252903,0.8645000457763672
0.02500000037252903,0.6690219044685364
0.02500000037252903,0.6639478206634521
0.02500000037252903,0.9070761203765869
0.02500000037252903,0.6057977080345154
0.02500000037252903,0.6497592926025391
0.02500000037252903,0.5963335633277893
0.02500000037252903,0.6407894492149353
0.02500000037252903,0.6368964910507202
0.02500000037252903,0.682823896408081
0.02500000037252903,0.7302888631820679
0.02500000037252903,0.6288313269615173
0.02500000037252903,0.7249253392219543
0.02500000037252903,0.7236495018005371
0.02500000037252903,0.7723286151885986
0.02500000037252903,0.6188815236091614
0.02500000037252903,0.6172958016395569
0.02500000037252903,0.7644203901290894
0.02500000037252903,0.6145100593566895
0.02500000037252903,0.6604794859886169
0.02500000037252903,0.6079587340354919
0.02500000037252903,0.6545692086219788
0.02500000037252903,0.7009133696556091
0.02500000037252903,0.6499570608139038
0.02500000037252903,0.6973713636398315
0.02500000037252903,0.7459937334060669
0.02500000037252903,0.6960219740867615
0.02500000037252903,0.7947500944137573
0.02500000037252903,0.6996068358421326
0.02500000037252903,0.5831217169761658
0.02500000037252903,0.6909223794937134
0.02500000037252903,0.5906690955162048
0.02500000037252903,0.6851563453674316
0.02500000037252903,0.7842289805412292
0.02500000037252903,0.5932745933532715
0.02500000037252903,0.5729283690452576
0.02500000037252903,0.8274147510528564
0.02500000037252903,0.8303478956222534
0.02500000037252903,0.7830649614334106
0.02500000037252903,0.8842716813087463
0.02500000037252903,0.7384628653526306
0.02500000037252903,0.6885226368904114
0.02500000037252903,0.6372684240341187
0.02500000037252903,0.6845370531082153
0.02500000037252903,0.7333628535270691
0.02500000037252903,0.7833957076072693
0.02500000037252903,0.6857113242149353
0.02500000037252903,0.7843731045722961
0.02500000037252903,0.7849240303039551
0.02500000037252903,0.7388740181922913
0.02500000037252903,0.6389463543891907
0.02500000037252903,0.6877632141113281
0.02500000037252903,0.6823349595069885
0.02500000037252903,0.6311173439025879
0.02500000037252903,0.8269943594932556
0.02500000037252903,0.8296709656715393
0.02500000037252903,0.7324659824371338
0.02500000037252903,0.7324950695037842
0.02500000037252903,0.7325240969657898
0.02500000037252903,0.6328907608985901
0.02500000037252903,0.830580472946167
0.02500000037252903,0.7826462984085083
0.02500000037252903,0.6839209794998169
0.02500000037252903,0.7326692342758179
0.02500000037252903,0.7826997637748718
0.02500000037252903,0.7340607643127441
0.02500000037252903,0.6340975165367126
0.02500000037252903,0.681748628616333
0.02500000037252903,0.6798995733261108
0.02500000037252903,0.6288610100746155
0.02500000037252903,0.7262055277824402
0.02500000037252903,0.576391875743866
0.02500000037252903,0.6721619367599487
0.02500000037252903,0.6710296273231506
0.02500000037252903,0.7696250081062317
0.02500000037252903,0.7709991335868835
0.02500000037252903,0.77241450548172
0.02500000037252903,0.8262904286384583
0.02500000037252903,0.82916659116745
0.02500000037252903,0.7817025780677795
0.02500000037252903,0.8298860192298889
0.02500000037252903,0.7372512221336365
0.02500000037252903,0.7372809052467346
0.02500000037252903,0.6873442530632019
0.02500000037252903,0.6360083818435669
0.02500000037252903,0.833326518535614
0.02500000037252903,0.7860479950904846
0.02500000037252903,0.737421452999115
0.02500000037252903,0.7374506592750549
0.02500000037252903,0.7348430752754211
0.02500000037252903,0.7848508954048157
0.02500000037252903,0.7362340092658997
0.02500000037252903,0.6862791776657104
0.02500000037252903,0.8348739743232727
0.02500000037252903,0.7877434492111206
0.02500000037252903,0.7889358401298523
0.02500000037252903,0.8404061198234558
0.02500000037252903,0.8430198431015015
0.02500000037252903,0.7956918478012085
0.02500000037252903,0.7471352815628052
0.02500000037252903,0.8470597863197327
0.02500000037252903,0.7498612999916077
0.02500000037252903,0.8498590588569641
0.02500000037252903,0.802554726600647
0.02500000037252903,0.8039770126342773
0.02500000037252903,0.7053753733634949
0.02500000037252903,0.7540106177330017
0.02500000037252903,0.7540404796600342
0.02500000037252903,0.7040886878967285
0.02500000037252903,0.8027805089950562
0.02500000037252903,0.7041924595832825
0.02500000037252903,0.7028669118881226
0.02500000037252903,0.7015000581741333
0.02500000037252903,0.7502193450927734
0.02500000037252903,0.8001745343208313
0.02500000037252903,0.7516122460365295
0.02500000037252903,0.8016480803489685
0.02500000037252903,0.852935254573822
0.02500000037252903,0.7557017207145691
0.02500000037252903,0.8168527483940125
0.02500000037252903,0.8570546507835388
0.02500000037252903,0.8598048686981201
0.02500000037252903,0.7625186443328857
0.02500000037252903,0.7625488638877869
0.02500000037252903,0.7625796794891357
0.02500000037252903,0.8125956654548645
0.02500000037252903,0.7640334963798523
0.02500000037252903,0.7640637755393982
0.02500000037252903,0.70906662940979
0.02500000037252903,0.7623323202133179
0.02500000037252903,0.7623624801635742
0.02500000037252903,0.9594652652740479
0.02500000037252903,0.9726646542549133
0.0,-1.0
0.0,1.0
0.0,-0.32877570390701294
0.0,-0.22257085144519806
0.0,-0.111686572432518
0.0,-0.05138394981622696
0.0,0.013665593229234219
0.0,0.026245784014463425
0.0,-1.0
0.0,-0.07444628328084946
0.0,-0.06633421033620834
0.0,-0.004833500366657972
0.0,-0.09088370949029922
0.0,-0.0438084676861763
0.0,0.09857790917158127
0.0,0.0457480251789093
0.0,0.16012229025363922
0.0,0.22512634098529816
0.0,0.12995176017284393
0.0,0.11591606587171555
0.0,0.12330527603626251
0.0,0.17240560054779053
0.0,0.26301059126853943
0.0,0.16468505561351776
0.0,0.15391889214515686
0.0,0.21814167499542236
0.0,0.2544153928756714
0.0,0.2193707376718521
0.0,0.23077696561813354
0.0,0.2975993752479553
0.0,0.3106296956539154
0.0,0.3256390392780304
0.0,0.33518821001052856
0.0,0.30874359607696533
0.0,-1.0
0.0,0.34624961018562317
0.0,0.31039395928382874
0.0,0.312592089176178
0.0,0.3383367359638214
0.0,0.3606860935688019
0.0,0.41364577412605286
0.0,0.42822715640068054
0.0,0.39304691553115845
0.0,0.5069959759712219
0.0,0.4724492132663727
0.0,0.462554007768631
0.0,0.47652962803840637
0.0,-0.02274065464735031
0.0,0.9761914610862732
0.0,0.5039242506027222
0.0,0.567232072353363
0.02500000037252903,0.5812031030654907
0.02500000037252903,0.5971838235855103
0.02500000037252903,0.510255753993988
0.02500000037252903,0.5230674147605896
0.02500000037252903,0.4851250648498535
0.02500000037252903,0.546065628528595
0.02500000037252903,0.5076460838317871
0.02500000037252903,-0.8972281813621521
0.02500000037252903,0.34176376461982727
0.02500000037252903,0.3985840082168579
0.02500000037252903,0.4058300852775574
0.02500000037252903,0.4064359664916992
0.02500000037252903,0.37883391976356506
0.02500000037252903,0.32877349853515625
0.02500000037252903,0.28398004174232483
0.02500000037252903,0.2380739003419876
0.02500000037252903,0.2908240854740143
0.02500000037252903,0.24462299048900604
0.02500000037252903,0.2571117579936981
0.02500000037252903,0.251382440328598
0.02500000037252903,0.2041567862033844
0.02500000037252903,0.155488982796669
0.02500000037252903,0.2054612636566162
0.02500000037252903,0.15683215856552124
0.02500000037252903,0.15683713555335999
0.02500000037252903,0.15684211254119873
0.02500000037252903,0.15684708952903748
0.02500000037252903,0.1069258376955986
0.02500000037252903,0.15552368760108948
0.02500000037252903,0.15552860498428345
0.02500000037252903,0.15553352236747742
0.02500000037252903,-1.0
0.02500000037252903,0.06448769569396973
0.02500000037252903,0.013012813404202461
0.02500000037252903,0.060487110167741776
0.02500000037252903,0.04835236445069313
0.02500000037252903,0.05510598048567772
0.02500000037252903,0.05381220579147339
0.02500000037252903,0.0024189685937017202
0.02500000037252903,0.04975187033414841
0.02500000037252903,-0.0013624639250338078
0.02500000037252903,0.04579578712582588
0.02500000037252903,0.04447003826498985
0.02500000037252903,-0.006795279681682587
0.02500000037252903,-0.009612888097763062
0.02500000037252903,-0.021425237879157066
0.02500000037252903,0.033050376921892166
0.02500000037252903,-0.014297712594270706
0.02500000037252903,-0.08096960186958313
0.02500000037252903,-0.012477432377636433
0.02500000037252903,-0.0457775741815567
0.02500000037252903,-0.030815020203590393
0.02500000037252903,0.06648287177085876
0.02500000037252903,-0.17885859310626984
0.02500000037252903,-0.042135149240493774
0.02500000037252903,0.0071807196363806725
0.02500000037252903,-0.04393741860985756
0.02500000037252903,-0.04692678898572922
0.02500000037252903,0.0008089228067547083
0.02500000037252903,-0.001207121298648417
0.02500000037252903,-0.0021230652928352356
0.02500000037252903,-0.0034728499595075846
0.02500000037252903,-0.0549364909529686
0.0,-0.11757024377584457
0.0,-0.06546700745820999
0.0,-0.0670764371752739
0.0,-0.07190784066915512
0.0,-0.11831753700971603
0.0,-0.08118441700935364
0.0,-0.030175870284438133
0.0,0.01848643273115158
0.0,0.06849713623523712
0.0,0.2191895842552185
0.0,0.3326750695705414
0.02500000037252903,0.38385534286499023
0.02500000037252903,0.3422554135322571
0.02500000037252903,0.2501291036605835
0.02500000037252903,0.506096363067627
0.02500000037252903,0.29774102568626404
0.02500000037252903,0.37433159351348877
0.02500000037252903,0.43387705087661743
0.02500000037252903,0.3910271227359772
0.02500000037252903,0.09997719526290894
0.02500000037252903,0.35231661796569824
0.02500000037252903,0.3093595802783966
0.02500000037252903,0.3597300350666046
0.02500000037252903,0.3202710747718811
0.02500000037252903,0.35483574867248535
0.02500000037252903,0.28520458936691284
0.02500000037252903,0.2387012541294098
0.02500000037252903,0.14134244620800018
0.02500000037252903,0.29149651527404785
0.02500000037252903,0.1953023225069046
0.02500000037252903,0.19671334326267242
0.02500000037252903,0.14802707731723785
0.02500000037252903,0.14803168177604675
0.02500000037252903,0.09800977259874344
0.02500000037252903,0.14670750498771667
0.02500000037252903,0.146712064743042
0.02500000037252903,0.14671660959720612
0.02500000037252903,0.09668940305709839
0.0,0.09614907205104828
0.0,-1.0
0.0,-0.48141899704933167
0.0,-0.5409314632415771
0.0,-0.48763054609298706
0.0,-0.4889211356639862
0.0,-0.5418614149093628
0.0,-0.4934345781803131
0.0,-0.3946901261806488
0.0,-0.29318296909332275
0.0,-0.19420404732227325
0.0,-0.0763373002409935
0.0,-0.173757404088974
0.0,-0.16674397885799408
0.0,-0.21023273468017578
0.0,-0.2049260437488556
0.0,-0.3995656967163086
0.0,0.15087199211120605
0.0,-0.03520636260509491
0.0,-0.37563589215278625
0.0,0.37318453192710876
0.0,0.544731616973877
0.0,0.11823291331529617
0.0,0.07842449098825455
0.0,-0.3090474009513855
0.0,0.09041536599397659
0.0,0.5017147064208984
0.0,0.12281975895166397
0.0,0.1243041604757309
0.0,0.1974020004272461
0.0,-0.24379216134548187
0.0,0.639140784740448
0.0,0.17732982337474823
0.0,-0.2118249088525772
0.0,0.18793398141860962
0.0,0.598313570022583
0.0,0.2713794410228729
0.0,0.1815256029367447
0.0,-0.15853753685951233
0.0,0.5916835069656372
0.0,-0.13855299353599548
0.0,0.2118036150932312
0.0,0.6211348176002502
0.0,-0.10923995822668076
0.0,0.4769221544265747
0.0,-0.09325157850980759
0.0,0.5565871000289917
0.0,0.17381726205348969
0.0,1.0
0.0,0.03206714987754822
0.0,0.0320669524371624
0.0,0.03206675127148628
0.0,0.032066550105810165
0.0,0.03206635266542435
0.0,0.03206615149974823
0.0,0.03206595033407211
0.0,0.032065749168395996
0.0,0.03206555172801018
0.0,0.03206535428762436
0.0,0.032065149396657944
0.0,0.032064951956272125
0.0,0.03206474706530571
0.0,0.0320645235478878
0.0,0.03206435218453407
0.0,0.032064154744148254
0.0,0.03206394985318184
0.0,0.03206375241279602
0.0,0.0320635549724102
0.0,0.032063353806734085
0.0,0.032062940299510956
0.0,0.03206275403499603
0.0,0.032062556594610214
0.0,0.0320623554289341
0.0,0.03206215426325798
0.0,0.03206195682287216
0.0,0.032061751931905746
0.0,0.03206134960055351
0.0,0.03206115588545799
0.0,0.032060954719781876
0.0,0.03206075727939606
0.0,0.03206055611371994
0.0,0.03206035867333412
0.0,0.032060157507658005
0.0,0.03205995634198189
0.0,0.03205950930714607
0.0,0.032059356570243835
0.0,0.03205915540456772
0.0,0.0320589579641819
0.0,0.03205875679850578
0.0,0.032058555632829666
0.0,0.03205835819244385
0.0,0.03205815702676773
0.0,0.0320577546954155
0.0,0.03205755725502968
0.0,0.03205735981464386
0.0,0.03205715864896774
0.0,0.032056961208581924
0.0,0.03205675631761551
0.0,0.03205655887722969
0.0,0.03205636143684387
0.0,0.032056160271167755
0.0,0.03205595910549164
0.0,0.03205576166510582
0.0,0.032055556774139404
0.0,0.03205535188317299
0.0,0.03205516189336777
0.0,0.03205496072769165
0.0,0.03205475956201553
0.0,0.032054562121629715
0.0,0.0320543609559536
0.0,0.03205415979027748
0.0,0.03205396234989166
0.0,0.032053761184215546
0.0,0.03205356374382973
0.0,0.03205336257815361
0.0,0.032052963972091675
0.0,0.03205256164073944
0.0,0.03205236420035362
0.0,0.032052163034677505
0.0,0.03205196186900139
0.0,0.03205176442861557
0.0,0.03205156326293945
0.0,0.032051362097263336
0.0,0.03205116465687752
0.0,0.032050956040620804
0.0,0.032050762325525284
0.0,0.032050564885139465
0.0,0.03205036371946335
0.0,0.03205016627907753
0.0,0.032049961388111115
0.0,0.032049763947725296
0.0,0.03204956650733948
0.0,0.03204915672540665
0.0,0.032048966735601425
0.0,0.03204876556992531
0.0,0.03204856440424919
0.0,0.03204836696386337
0.0,0.032048165798187256
0.0,0.03204796463251114
0.0,0.03204776719212532
0.0,0.032047566026449203
0.0,0.03204736486077309
0.0,0.03204696625471115
0.0,0.032046765089035034
0.0,0.032046567648649216
0.0,0.0320463664829731
0.0,0.03204616531729698
0.0,0.03204596787691116
0.0,0.032045766711235046
0.0,0.03204556182026863
0.0,0.03204536810517311
0.0,0.032045166939496994
0.0,0.032044969499111176
0.0,0.03204476460814476
0.0,0.03204456716775894
0.0,0.03204436972737312
0.0,0.032044168561697006
0.0,0.03204396367073059
0.0,0.03204376995563507
0.0,0.032043568789958954
0.0,0.03204336762428284
0.0,0.03204317018389702
0.0,0.0320429652929306
0.0,0.032042767852544785
0.0,0.032042570412158966
0.0,0.032042160630226135
0.0,0.032041970640420914
0.0,0.0320417694747448
0.0,0.03204156085848808
0.0,0.03204137086868286
0.0,0.032041169703006744
0.0,0.032040972262620926
0.0,0.03204077109694481
0.0,0.03204056993126869
0.0,0.032040372490882874
0.0,0.03204017132520676
0.0,0.03203996643424034
0.0,0.032039765268564224
0.0,0.032039571553468704
0.0,0.03203937038779259
0.0,0.03203917294740677
0.0,0.03203896805644035
0.0,0.03203877434134483
0.0,0.032038573175668716
0.0,0.0320383720099926
0.0,0.03203817456960678
0.0,0.032037969678640366
0.0,0.03203777223825455
0.0,0.03203757479786873
0.0,0.03203737363219261
0.0,0.03203717619180679
0.0,0.03203696757555008
0.0,0.03203677386045456
0.0,0.03203657642006874
0.0,0.032036375254392624
0.0,0.03203617408871651
0.0,0.03203597292304039
0.0,0.03203577548265457
0.0,0.032035574316978455
0.0,0.032035376876592636
0.0,0.0320349745452404
0.0,0.032034777104854584
0.0,0.03203457593917847
0.0,0.03203437477350235
0.0,0.03203417733311653
0.0,0.032033976167440414
0.0,0.032033778727054596
0.0,0.03203357383608818
0.0,0.03203337639570236
0.0,0.032033178955316544
0.0,0.03203297778964043
0.0,0.03203277662396431
0.0,0.03203257918357849
0.0,0.032032378017902374
0.0,0.03203217685222626
0.0,0.03203177452087402
0.0,0.032031577080488205
0.0,0.032031379640102386
0.0,0.03203117847442627
0.0,0.03203097730875015
0.0,0.032030779868364334
0.0,0.03203057870268822
0.0,0.0320303812623024
0.0,0.03203018009662628
0.0,0.032029978930950165
0.0,0.03202977776527405
0.0,0.03202958032488823
0.0,0.03202937915921211
0.0,0.032029181718826294
0.0,0.03202898055315018
0.0,0.03202877938747406
0.0,0.03202858194708824
0.0,0.032028380781412125
0.0,0.032028183341026306
0.0,0.03202798217535019
0.0,0.03202778100967407
0.0,0.032027583569288254
0.0,0.03202738240361214
0.0,0.03202718123793602
0.0,0.0320269837975502
0.0,0.032026782631874084
0.0,0.03202658146619797
0.0,0.03202638402581215
0.0,0.03202618286013603
0.0,0.032025981694459915
0.0,0.0320257842540741
0.0,0.03202558308839798
0.0,0.03202538192272186
0.0,0.032025184482336044
0.0,0.03202498331665993
0.0,0.03202478215098381
0.0,0.0320245735347271
0.0,0.032024383544921875
0.0,0.032024186104536057
0.0,0.03202398121356964
0.0,0.03202378377318382
0.0,0.032023582607507706
0.0,0.03202338516712189
0.0,0.03202318400144577
0.0,0.03202298656105995
0.0,0.032022785395383835
0.0,0.03202258422970772
0.0,0.03202236816287041
0.0,0.032022178173065186
0.0,0.03202196583151817
0.0,0.03202178701758385
0.0,0.03202158585190773
0.0,0.03202138841152191
0.0,0.032021187245845795
0.0,0.03202098608016968
0.0,0.03202078863978386
0.0,0.03202058747410774
0.0,0.032020386308431625
0.0,0.03202018886804581
0.0,0.03201998770236969
0.0,0.03201979026198387
0.0,0.032019589096307755
0.0,0.03201938793063164
0.0,0.03201919049024582
0.0,0.032018788158893585
0.0,0.03201859071850777
0.0,0.03201838955283165
0.0,0.03201818838715553
0.0,0.032017990946769714
0.0,0.0320177897810936
0.0,0.03201759234070778
0.0,0.03201739117503166
0.0,0.032017190009355545
0.0,0.03201699256896973
0.0,0.03201679140329361
0.0,0.03201659023761749
0.0,0.032016392797231674
0.0,0.03201619163155556
0.0,0.03201599046587944
0.0,0.03201579302549362
0.0,0.032015591859817505
0.0,0.03201539069414139
0.0,0.03201519325375557
0.0,0.03201499208807945
0.0,0.032014794647693634
0.0,0.03201459348201752
0.0,0.032013192772865295
0.0,0.03201299160718918
0.0,0.03201278671622276
0.0,0.03201259672641754
0.0,0.032012395560741425
0.02500000037252903,1.0
0.02500000037252903,1.0
0.02500000037252903,1.0
0.02500000037252903,1.0
0.02500000037252903,1.0
0.02500000037252903,1.0
0.02500000037252903,1.0
0.02500000037252903,1.0
0.02500000037252903,1.0
0.02500000037252903,1.0
0.02500000037252903,1.0
0.02500000037252903,1.0
0.02500000037252903,1.0
0.02500000037252903,1.0
0.02500000037252903,1.0
0.02500000037252903,1.0
0.02500000037252903,1.0
0.02500000037252903,1.0
0.02500000037252903,1.0
0.02500000037252903,1.0
0.02500000037252903,1.0
0.02500000037252903,1.0
0.02500000037252903,1.0
0.02500000037252903,1.0
0.02500000037252903,-1.0
0.02500000037252903,1.0
0.02500000037252903,1.0
0.02500000037252903,1.0
0.02500000037252903,1.0
0.02500000037252903,1.0
0.02500000037252903,1.0
0.02500000037252903,1.0
0.02500000037252903,1.0
0.02500000037252903,1.0
0.02500000037252903,1.0
0.02500000037252903,1.0
0.02500000037252903,1.0
0.02500000037252903,1.0
0.02500000037252903,1.0
0.02500000037252903,1.0
0.02500000037252903,1.0
0.02500000037252903,1.0
0.02500000037252903,1.0
0.02500000037252903,1.0
0.02500000037252903,1.0
0.02500000037252903,1.0
0.02500000037252903,1.0
0.02500000037252903,1.0
0.02500000037252903,1.0
0.02500000037252903,1.0
0.02500000037252903,1.0
0.02500000037252903,1.0
0.02500000037252903,1.0
0.02500000037252903,1.0
0.02500000037252903,1.0
0.02500000037252903,1.0
0.02500000037252903,1.0
0.02500000037252903,1.0
0.02500000037252903,1.0
0.02500000037252903,1.0
0.02500000037252903,1.0
0.02500000037252903,1.0
0.02500000037252903,1.0
0.02500000037252903,1.0
0.02500000037252903,1.0
0.02500000037252903,1.0
0.02500000037252903,1.0
0.02500000037252903,1.0
0.02500000037252903,1.0
0.02500000037252903,1.0
0.02500000037252903,1.0
0.02500000037252903,1.0
0.02500000037252903,1.0
0.02500000037252903,1.0
0.02500000037252903,1.0
0.02500000037252903,1.0
0.02500000037252903,1.0
0.02500000037252903,1.0
0.02500000037252903,1.0
0.02500000037252903,1.0
0.02500000037252903,1.0
0.02500000037252903,1.0
0.02500000037252903,1.0
0.02500000037252903,1.0
0.02500000037252903,1.0
0.02500000037252903,1.0
0.02500000037252903,1.0
0.02500000037252903,1.0
0.02500000037252903,1.0
0.02500000037252903,1.0
0.02500000037252903,1.0
0.02500000037252903,1.0
0.02500000037252903,1.0
0.02500000037252903,1.0
0.02500000037252903,1.0
0.02500000037252903,1.0
0.02500000037252903,1.0
0.02500000037252903,1.0
0.02500000037252903,1.0
0.02500000037252903,1.0
0.02500000037252903,1.0
0.02500000037252903,1.0
0.02500000037252903,1.0
0.02500000037252903,1.0
0.02500000037252903,1.0
0.02500000037252903,1.0
0.02500000037252903,1.0
0.02500000037252903,1.0
0.02500000037252903,1.0
0.02500000037252903,1.0
0.02500000037252903,1.0
0.02500000037252903,1.0
0.02500000037252903,0.879813551902771
0.02500000037252903,0.6630247235298157
0.02500000037252903,0.8833320140838623
0.02500000037252903,0.7090550661087036
0.02500000037252903,1.0
0.02500000037252903,1.0
0.02500000037252903,1.0
0.02500000037252903,1.0
0.02500000037252903,1.0
0.02500000037252903,1.0
0.02500000037252903,1.0
0.02500000037252903,1.0
0.02500000037252903,1.0
0.02500000037252903,1.0
0.02500000037252903,1.0
0.02500000037252903,1.0
0.02500000037252903,1.0
0.02500000037252903,1.0
0.02500000037252903,1.0
0.02500000037252903,1.0
0.02500000037252903,1.0
0.02500000037252903,1.0
0.02500000037252903,1.0
0.02500000037252903,1.0
0.02500000037252903,1.0
0.02500000037252903,1.0
0.02500000037252903,1.0
0.02500000037252903,1.0
0.02500000037252903,1.0
0.02500000037252903,1.0
0.02500000037252903,1.0
0.02500000037252903,1.0
0.02500000037252903,1.0
0.02500000037252903,1.0
0.02500000037252903,1.0
0.02500000037252903,1.0
0.02500000037252903,1.0
0.02500000037252903,1.0
0.02500000037252903,1.0
0.02500000037252903,1.0
0.02500000037252903,1.0
0.02500000037252903,1.0
0.02500000037252903,1.0
0.02500000037252903,1.0
0.02500000037252903,1.0
0.02500000037252903,1.0
0.02500000037252903,1.0
0.02500000037252903,1.0
0.02500000037252903,1.0
0.02500000037252903,1.0
0.02500000037252903,1.0
0.02500000037252903,1.0
0.02500000037252903,1.0
0.02500000037252903,1.0
0.02500000037252903,1.0
0.02500000037252903,1.0
0.02500000037252903,1.0
0.02500000037252903,1.0
0.02500000037252903,1.0
0.02500000037252903,1.0
0.02500000037252903,1.0
0.02500000037252903,1.0
0.02500000037252903,1.0
0.02500000037252903,1.0
0.02500000037252903,1.0
0.02500000037252903,1.0
0.02500000037252903,1.0
0.02500000037252903,1.0
0.02500000037252903,1.0
0.02500000037252903,1.0
0.02500000037252903,1.0
0.02500000037252903,1.0
0.02500000037252903,1.0
0.02500000037252903,1.0
0.02500000037252903,1.0
0.02500000037252903,1.0
0.02500000037252903,1.0
0.02500000037252903,1.0
0.02500000037252903,1.0
0.02500000037252903,1.0
0.02500000037252903,1.0
0.02500000037252903,1.0
0.02500000037252903,1.0
0.02500000037252903,1.0
0.02500000037252903,1.0
0.02500000037252903,1.0
0.02500000037252903,1.0
0.02500000037252903,1.0
0.02500000037252903,1.0
0.02500000037252903,1.0
0.02500000037252903,1.0
0.02500000037252903,1.0
0.02500000037252903,1.0
0.02500000037252903,1.0
0.02500000037252903,1.0
0.02500000037252903,1.0
0.02500000037252903,1.0
0.02500000037252903,1.0
0.02500000037252903,1.0
0.02500000037252903,1.0
0.02500000037252903,1.0
0.02500000037252903,1.0
0.02500000037252903,1.0
0.02500000037252903,1.0
0.02500000037252903,1.0
0.02500000037252903,1.0
0.02500000037252903,1.0
0.02500000037252903,1.0
0.02500000037252903,1.0
0.02500000037252903,1.0
0.02500000037252903,1.0
0.02500000037252903,1.0
0.02500000037252903,1.0
0.02500000037252903,1.0
0.02500000037252903,1.0
0.02500000037252903,1.0
0.02500000037252903,1.0
0.02500000037252903,1.0
0.02500000037252903,1.0
0.02500000037252903,1.0
0.02500000037252903,1.0
0.02500000037252903,1.0
0.02500000037252903,1.0
0.02500000037252903,1.0
0.02500000037252903,1.0
0.02500000037252903,1.0
0.02500000037252903,1.0
0.02500000037252903,1.0
0.02500000037252903,1.0
0.02500000037252903,1.0
0.02500000037252903,1.0
0.02500000037252903,1.0
0.02500000037252903,1.0
0.02500000037252903,1.0
0.02500000037252903,1.0
0.02500000037252903,1.0
0.02500000037252903,1.0
0.02500000037252903,1.0
0.02500000037252903,1.0
0.02500000037252903,1.0
0.02500000037252903,1.0
0.02500000037252903,1.0
0.02500000037252903,1.0
0.02500000037252903,1.0
0.02500000037252903,1.0
0.02500000037252903,1.0
0.02500000037252903,0.9935000538825989
0.02500000037252903,1.0
0.02500000037252903,1.0
0.02500000037252903,1.0
0.02500000037252903,1.0
0.02500000037252903,0.928542971611023
0.02500000037252903,1.0
0.02500000037252903,1.0
0.02500000037252903,1.0
0.02500000037252903,1.0
0.02500000037252903,1.0
0.02500000037252903,1.0
0.02500000037252903,1.0
0.02500000037252903,1.0
0.02500000037252903,1.0
0.02500000037252903,1.0
0.02500000037252903,1.0
0.02500000037252903,1.0
0.02500000037252903,1.0
0.02500000037252903,1.0
0.02500000037252903,1.0
0.02500000037252903,1.0
0.02500000037252903,1.0
0.02500000037252903,1.0
0.02500000037252903,1.0
0.02500000037252903,1.0
0.02500000037252903,1.0
0.02500000037252903,1.0
0.02500000037252903,1.0
0.02500000037252903,1.0
0.02500000037252903,1.0
0.02500000037252903,1.0
0.02500000037252903,0.9806479215621948
0.02500000037252903,1.0
0.02500000037252903,0.9714336395263672
0.02500000037252903,0.9710462689399719
0.02500000037252903,1.0
0.02500000037252903,0.9663941264152527
0.02500000037252903,0.9123948812484741
0.02500000037252903,1.0
0.02500000037252903,1.0
0.02500000037252903,1.0
0.02500000037252903,0.8048200011253357
0.02500000037252903,1.0
0.02500000037252903,0.9946157932281494
0.02500000037252903,1.0
0.02500000037252903,1.0
0.02500000037252903,1.0
0.02500000037252903,1.0
0.02500000037252903,0.9899129271507263
0.02500000037252903,1.0
0.02500000037252903,0.9837506413459778
0.02500000037252903,0.9832442402839661
0.02500000037252903,1.0
0.02500000037252903,0.9311476945877075
0.02500000037252903,0.9274582862854004
0.02500000037252903,1.0
0.02500000037252903,1.0
0.02500000037252903,1.0
0.02500000037252903,1.0
0.02500000037252903,0.9647440314292908
0.02500000037252903,1.0
0.02500000037252903,1.0
0.02500000037252903,1.0
0.02500000037252903,0.965493381023407
0.02500000037252903,1.0
0.02500000037252903,1.0
0.02500000037252903,1.0
0.02500000037252903,1.0
0.02500000037252903,1.0
0.02500000037252903,1.0
0.02500000037252903,1.0
0.02500000037252903,1.0
0.02500000037252903,1.0
0.02500000037252903,1.0
0.02500000037252903,1.0
0.02500000037252903,1.0
0.02500000037252903,1.0
0.02500000037252903,1.0
0.02500000037252903,1.0
0.02500000037252903,0.9021745324134827
0.02500000037252903,0.9534311294555664
0.02500000037252903,0.9004634022712708
0.02500000037252903,0.8967283964157104
0.02500000037252903,0.9928696751594543
0.02500000037252903,0.8910484313964844
0.02500000037252903,0.8375961780548096
0.02500000037252903,0.932235836982727
0.02500000037252903,1.0
0.02500000037252903,1.0
0.02500000037252903,0.9796580076217651
0.02500000037252903,0.9783570766448975
0.02500000037252903,1.0
0.02500000037252903,0.928307831287384
0.02500000037252903,1.0
0.02500000037252903,0.9256917238235474
0.02500000037252903,0.9732425808906555
0.02500000037252903,0.9220261573791504
0.02500000037252903,0.9698248505592346
0.02500000037252903,0.9168567061424255
0.02500000037252903,0.8655710220336914
0.02500000037252903,0.9613776206970215
0.02500000037252903,1.0
0.02500000037252903,0.8662741184234619
0.02500000037252903,0.9573147296905518
0.02500000037252903,0.9033170938491821
0.02500000037252903,1.0
0.02500000037252903,0.9036909937858582
0.02500000037252903,0.951038122177124
0.02500000037252903,0.9997087121009827
0.02500000037252903,0.949739396572113
0.02500000037252903,0.9484840035438538
0.02500000037252903,0.9971591234207153
0.02500000037252903,0.9971981644630432
0.02500000037252903,0.9972372055053711
0.02500000037252903,0.9972760081291199
0.02500000037252903,0.9973151087760925
0.02500000037252903,0.9973540902137756
0.02500000037252903,0.9973930716514587
0.02500000037252903,0.9974321126937866
0.02500000037252903,0.997471034526825
0.02500000037252903,0.9475694894790649
0.02500000037252903,0.9031249284744263
0.02500000037252903,0.9395475387573242
0.02500000037252903,0.9423556327819824
0.02500000037252903,0.941007673740387
0.02500000037252903,0.9897039532661438
0.02500000037252903,0.893524706363678
0.02500000037252903,0.9357525706291199
0.02500000037252903,1.0
0.02500000037252903,0.9372920393943787
0.02500000037252903,0.985896646976471
0.02500000037252903,0.9362988471984863
0.02500000037252903,0.9346687197685242
0.02500000037252903,0.8322670459747314
0.02500000037252903,0.8793755769729614
0.02500000037252903,0.9767549633979797
0.02500000037252903,0.9767930507659912
0.02500000037252903,0.9270172119140625
0.02500000037252903,0.9755359888076782
0.02500000037252903,0.8754594326019287
0.02500000037252903,0.878730833530426
0.02500000037252903,0.9170902967453003
0.02500000037252903,0.9088866710662842
0.02500000037252903,0.9677629470825195
0.02500000037252903,0.788479208946228
0.02500000037252903,0.9103401303291321
0.02500000037252903,0.9585798978805542
0.02500000037252903,0.8569138050079346
0.02500000037252903,0.8561943173408508
0.02500000037252903,0.8532918691635132
0.02500000037252903,0.900727391242981
0.02500000037252903,0.8994744420051575
0.02500000037252903,0.9481353163719177
0.02500000037252903,0.8981928825378418
0.02500000037252903,0.8968765735626221
0.02500000037252903,0.8955410718917847
0.02500000037252903,0.8483595848083496
0.02500000037252903,0.8895246982574463
0.02500000037252903,0.940355658531189
0.02500000037252903,0.8904058933258057
0.02500000037252903,0.8891159892082214
0.02500000037252903,0.9377984404563904
0.02500000037252903,0.8878676891326904
0.02500000037252903,0.9365379214286804
0.02500000037252903,0.9365742802619934
0.02500000037252903,0.986677885055542
0.02500000037252903,0.8879796266555786
0.02500000037252903,0.9366834759712219
0.02500000037252903,0.9866794943809509
0.02500000037252903,1.0
0.02500000037252903,0.9407929182052612
0.02500000037252903,0.9408295154571533
0.02500000037252903,0.9408659934997559
0.02500000037252903,0.940902590751648
0.02500000037252903,0.890964925289154
0.02500000037252903,0.9396421909332275
0.02500000037252903,0.9396786689758301
0.02500000037252903,0.9897282719612122
0.02500000037252903,0.9909741282463074
0.02500000037252903,0.8923810124397278
0.02500000037252903,0.8912808299064636
0.02500000037252903,0.8397330045700073
0.02500000037252903,0.9372311234474182
0.02500000037252903,0.8872854113578796
0.02500000037252903,0.9359705448150635
0.02500000037252903,0.9360069036483765
0.02500000037252903,1.0
0.02500000037252903,0.8886744379997253
0.02500000037252903,0.8379015326499939
0.02500000037252903,0.982341468334198
0.02500000037252903,0.8834620714187622
0.02500000037252903,0.9335982799530029
0.02500000037252903,0.9336305856704712
0.02500000037252903,0.8836339712142944
0.02500000037252903,0.7998577356338501
0.02500000037252903,0.8128373026847839
0.02500000037252903,0.8346868753433228
0.02500000037252903,0.9231473803520203
0.02500000037252903,0.8233286142349243
0.02500000037252903,0.8798267841339111
0.02500000037252903,0.723861813545227
0.02500000037252903,0.8155128359794617
0.02500000037252903,0.9126549363136292
0.02500000037252903,0.8626250624656677
0.02500000037252903,0.8146303296089172
0.02500000037252903,0.8053925633430481
0.02500000037252903,0.906129002571106
0.02500000037252903,0.8562698364257812
0.02500000037252903,0.8050191402435303
0.02500000037252903,0.845141589641571
0.02500000037252903,0.8495796322822571
0.02500000037252903,0.8483687043190002
0.02500000037252903,0.997002899646759
0.02500000037252903,0.9488685727119446
0.02500000037252903,0.8467922806739807
0.02500000037252903,0.9527146816253662
0.02500000037252903,0.8485723733901978
0.02500000037252903,0.7900184392929077
0.02500000037252903,0.8419705033302307
0.02500000037252903,0.7907165288925171
0.02500000037252903,0.7881718873977661
0.0,-1.0
0.0,-0.28428828716278076
0.0,-0.43167710304260254
0.0,-0.437192440032959
0.0,-0.38859260082244873
0.0,-0.3397846519947052
0.0,-0.3897756338119507
0.0,-0.2912552058696747
0.0,-0.1395709365606308
0.0,-0.08466370403766632
0.0,-0.1778360903263092
0.0,-0.17409665882587433
0.0,-0.16999197006225586
0.0,0.08375660330057144
0.0,0.19473496079444885
0.0,-0.04222507402300835
0.0,0.014810899272561073
0.0,0.12227140367031097
0.0,0.03135823830962181
0.0,-0.00710871210321784
0.0,-0.0015956058632582426
0.0,0.20389607548713684
0.0,0.21654005348682404
0.0,0.2782537639141083
0.0,0.24152638018131256
0.0,0.203987717628479
0.0,-1.0
0.0,0.2902347445487976
0.0,0.25208112597465515
0.0,0.264445424079895
0.0,0.27709031105041504
0.0,0.43751683831214905
0.0,0.40403681993484497
0.0,0.26843905448913574
0.0,0.3298194706439972
0.0,0.338946133852005
0.0,0.40737903118133545
0.0,0.3665943145751953
0.0,0.32883185148239136
0.0,0.3895745277404785
0.0,0.4519742727279663
0.0,0.4151601791381836
0.0,0.47688189148902893
0.0,0.44030919671058655
0.0,0.4519404172897339
0.0,0.5102988481521606
0.0,0.5326043367385864
0.0,0.49143290519714355
0.02500000037252903,0.5028190016746521
0.02500000037252903,0.5152525305747986
0.0,-0.8064686059951782
0.02500000037252903,0.5080491304397583
0.02500000037252903,0.5152642726898193
0.02500000037252903,0.5268263816833496
0.02500000037252903,0.4893048405647278
0.02500000037252903,0.5339703559875488
0.02500000037252903,0.5225337743759155
0.02500000037252903,0.5819410681724548
0.02500000037252903,0.543923020362854
0.02500000037252903,0.6003211736679077
0.02500000037252903,0.5706889033317566
0.02500000037252903,0.5273014903068542
0.02500000037252903,0.5865888595581055
0.02500000037252903,0.5973750948905945
0.02500000037252903,0.558275580406189
0.02500000037252903,0.5666453838348389
0.02500000037252903,0.526944100856781
0.02500000037252903,0.43475404381752014
0.02500000037252903,0.44009238481521606
0.02500000037252903,0.44153714179992676
0.02500000037252903,0.30180081725120544
0.02500000037252903,0.2521536946296692
0.02500000037252903,0.35106518864631653
0.02500000037252903,0.40488892793655396
0.02500000037252903,0.33355143666267395
0.02500000037252903,0.22753573954105377
0.02500000037252903,0.2775242030620575
0.02500000037252903,0.22888270020484924
0.02500000037252903,0.2288896143436432
0.02500000037252903,0.17319098114967346
0.02500000037252903,0.1775711178779602
0.02500000037252903,0.1295594722032547
0.02500000037252903,0.1202784851193428
0.02500000037252903,0.12074660509824753
0.02500000037252903,0.11817272007465363
0.02500000037252903,0.1156318411231041
0.02500000037252903,0.11295528709888458
0.02500000037252903,0.11033046245574951
0.02500000037252903,0.10875191539525986
0.02500000037252903,0.10422662645578384
0.02500000037252903,0.10218644142150879
0.02500000037252903,0.10406984388828278
0.02500000037252903,0.0918349176645279
0.02500000037252903,0.08912160247564316
0.02500000037252903,-0.012195978313684464
0.02500000037252903,0.0824134349822998
0.02500000037252903,0.04299721494317055
0.02500000037252903,0.06814976036548615
0.02500000037252903,0.17036651074886322
0.02500000037252903,0.020356548950076103
0.02500000037252903,-0.3274509310722351
0.02500000037252903,-0.2993841767311096
0.02500000037252903,-0.06027884781360626
0.02500000037252903,-0.01427690964192152
0.02500000037252903,0.08173705637454987
0.02500000037252903,-0.06952489912509918
0.02500000037252903,-0.17464877665042877
0.02500000037252903,-0.08316508680582047
0.02500000037252903,-0.019651487469673157
0.02500000037252903,-0.0668816789984703
0.02500000037252903,-0.09564462304115295
0.02500000037252903,0.05074993148446083
0.02500000037252903,-0.06113671138882637
0.02500000037252903,-0.05683523789048195
0.02500000037252903,-0.16095320880413055
0.02500000037252903,-0.01753067784011364
0.02500000037252903,-0.1700066477060318
0.0,-1.0
0.0,-0.1711227297782898
0.0,-0.12187296897172928
0.0,-0.12543703615665436
0.0,-0.08009656518697739
0.0,-0.13805903494358063
0.0,-0.14063675701618195
0.0,0.10547464340925217
0.0,0.35520002245903015
0.0,0.3657911717891693
0.0,0.22925765812397003
0.0,0.08204200118780136
0.0,0.033411845564842224
0.0,0.18344058096408844
0.0,0.23519422113895416
0.0,0.3463553488254547
0.0,0.35048094391822815
0.02500000037252903,0.40888094902038574
0.02500000037252903,0.41779178380966187
0.02500000037252903,0.4716339111328125
0.02500000037252903,0.49409228563308716
0.02500000037252903,0.49806472659111023
0.02500000037252903,0.45929425954818726
0.02500000037252903,0.4682545065879822
0.02500000037252903,-1.0
0.02500000037252903,0.14426830410957336
0.02500000037252903,0.19450250267982483
0.02500000037252903,0.34689563512802124
0.02500000037252903,0.34797996282577515
0.02500000037252903,0.36318472027778625
0.02500000037252903,0.3193507790565491
0.02500000037252903,0.3223707973957062
0.02500000037252903,0.22778283059597015
0.02500000037252903,0.18049998581409454
0.02500000037252903,0.18175369501113892
0.02500000037252903,0.08317813277244568
